id,username,owner_id,profile_pic_url,text,created_at
17908289906778160,ifwhat77,7686865392,https://scontent-cgk1-2.cdninstagram.com/v/t51.2885-19/44884218_345707102882519_2446069589734326272_n.jpg?_nc_ht=scontent-cgk1-2.cdninstagram.com&_nc_cat=1&_nc_ohc=s1E5_17ApE4AX-pukVx&edm=ANct6CgBAAAA&ccb=7-5&ig_cache_key=YW5vbnltb3VzX3Byb2ZpbGVfcGlj.2-ccb7-5&oh=00_AfC-MlXYW1GatKfQJujSejtU1Udtdi6k8kfPmw3OlCZgrA&oe=6547A34F&_nc_sid=e9e035,@shobhit.loaded because it’s in the Punjabi language. Indian is not a language bhenchod sala,1698632600
18266127814164907,ifwhat77,7686865392,https://scontent-cgk1-2.cdninstagram.com/v/t51.2885-19/44884218_345707102882519_2446069589734326272_n.jpg?_nc_ht=scontent-cgk1-2.cdninstagram.com&_nc_cat=1&_nc_ohc=s1E5_17ApE4AX-pukVx&edm=ANct6CgBAAAA&ccb=7-5&ig_cache_key=YW5vbnltb3VzX3Byb2ZpbGVfcGlj.2-ccb7-5&oh=00_AfC-MlXYW1GatKfQJujSejtU1Udtdi6k8kfPmw3OlCZgrA&oe=6547A34F&_nc_sid=e9e035,@samparker1996 kanjar benchoda,1698632672
18394827661055981,ifwhat77,7686865392,https://scontent-cgk1-2.cdninstagram.com/v/t51.2885-19/44884218_345707102882519_2446069589734326272_n.jpg?_nc_ht=scontent-cgk1-2.cdninstagram.com&_nc_cat=1&_nc_ohc=s1E5_17ApE4AX-pukVx&edm=ANct6CgBAAAA&ccb=7-5&ig_cache_key=YW5vbnltb3VzX3Byb2ZpbGVfcGlj.2-ccb7-5&oh=00_AfC-MlXYW1GatKfQJujSejtU1Udtdi6k8kfPmw3OlCZgrA&oe=6547A34F&_nc_sid=e9e035,@iamarpittk Indian music? Indian isn’t a language it’s a place wow,1698632733
17927007857789641,ifwhat77,7686865392,https://scontent-cgk1-2.cdninstagram.com/v/t51.2885-19/44884218_345707102882519_2446069589734326272_n.jpg?_nc_ht=scontent-cgk1-2.cdninstagram.com&_nc_cat=1&_nc_ohc=s1E5_17ApE4AX-pukVx&edm=ANct6CgBAAAA&ccb=7-5&ig_cache_key=YW5vbnltb3VzX3Byb2ZpbGVfcGlj.2-ccb7-5&oh=00_AfC-MlXYW1GatKfQJujSejtU1Udtdi6k8kfPmw3OlCZgrA&oe=6547A34F&_nc_sid=e9e035,@abroad_aale_ learn how to speak English fudu,1698632855
17989379186455202,_rishichoudhary1,48349499497,https://instagram.fpnq7-3.fna.fbcdn.net/v/t51.2885-19/203232094_825018301474117_8721876476254618628_n.jpg?stp=dst-jpg_s150x150&cb=d185f762-f577f03c&efg=e30&_nc_ht=instagram.fpnq7-3.fna.fbcdn.net&_nc_cat=101&_nc_ohc=1ObpWs64FjgAX-rh3sj&edm=AI-cjbYBAAAA&ccb=7-5&oh=00_AfDoQ-ie3rXJ-81v1CdvA2WOEE3mCUGpbuWNPytbD_IXXA&oe=6547A1D5&_nc_sid=0985b0,Hate from jaipur,1698634090
18013304395936079,faroo18,39721366,https://instagram.fpnq7-5.fna.fbcdn.net/v/t51.2885-19/121035847_182598803336553_1023442332479180055_n.jpg?stp=dst-jpg_s150x150&cb=d185f762-f577f03c&efg=e30&_nc_ht=instagram.fpnq7-5.fna.fbcdn.net&_nc_cat=109&_nc_ohc=w7XeUhz21BkAX87K2i3&edm=AI-cjbYBAAAA&ccb=7-5&oh=00_AfC4xHuPnulxsnHXRh5YRz_cxAsWQk6KwkC0KgorlIvYAA&oe=65468172&_nc_sid=0985b0,@ap.dhillxn when are you coming to Dallas?! ❤️❤️❤️❤️❤️🔥🔥🔥🔥,1698635822
18005128583091115,lil.chunker,7082375710,https://instagram.fpnq7-3.fna.fbcdn.net/v/t51.2885-19/395154996_314284678015167_7538843525676941910_n.jpg?stp=dst-jpg_s150x150&cb=d185f762-f577f03c&efg=e30&_nc_ht=instagram.fpnq7-3.fna.fbcdn.net&_nc_cat=103&_nc_ohc=p85A0EEa5zAAX9JSfRw&edm=AI-cjbYBAAAA&ccb=7-5&oh=00_AfD2BOYXnpSXrURrT5bjdluBoUSuP6oOc0qMZGL2BzDHqA&oe=65472B19&_nc_sid=0985b0,miss your fine self on my feed,1698649528
18280577008154298,vipulsinghlucky,1801950814,https://instagram.fpnq7-6.fna.fbcdn.net/v/t51.2885-19/391006628_355715400209231_1538983618156627431_n.jpg?stp=dst-jpg_s150x150&cb=d185f762-f577f03c&efg=e30&_nc_ht=instagram.fpnq7-6.fna.fbcdn.net&_nc_cat=111&_nc_ohc=h_g3uCfsxIgAX_yVBJ6&edm=AI-cjbYBAAAA&ccb=7-5&oh=00_AfCZVuGJwbkQ6RjNawDl74Xeew1au2SbP5MX2Z00YkAmsw&oe=6547AA9E&_nc_sid=0985b0,Chutiya 😂,1698651756
18240521674212483,sanskari_daddy_69,61883054548,https://scontent-cgk1-2.cdninstagram.com/v/t51.2885-19/44884218_345707102882519_2446069589734326272_n.jpg?_nc_ht=scontent-cgk1-2.cdninstagram.com&_nc_cat=1&_nc_ohc=s1E5_17ApE4AX-pukVx&edm=ANct6CgBAAAA&ccb=7-5&ig_cache_key=YW5vbnltb3VzX3Byb2ZpbGVfcGlj.2-ccb7-5&oh=00_AfC-MlXYW1GatKfQJujSejtU1Udtdi6k8kfPmw3OlCZgrA&oe=6547A34F&_nc_sid=e9e035,"Ksi viva hiit ya un viva hitt Orto ko frns with bene fits typ
chahiye, kbhi nrmll battey nd kbhi Di r t y bhi Mo#d
the toh, ib me.
.. peh_ chaan gupp_t and
trst
Just syy Hello!",1698652875
18391790122034716,drunk_pendu,37698322048,https://instagram.fpnq7-4.fna.fbcdn.net/v/t51.2885-19/368127013_277169858388905_6777407670377728478_n.jpg?stp=dst-jpg_s150x150&cb=d185f762-f577f03c&efg=e30&_nc_ht=instagram.fpnq7-4.fna.fbcdn.net&_nc_cat=105&_nc_ohc=RMdCVafjDDIAX8uluDc&edm=AI-cjbYBAAAA&ccb=7-5&oh=00_AfCUdMQCQt39Zavtdqom1Uh5LYebz28TjdBRlBtoKXh3Jg&oe=65464455&_nc_sid=0985b0,Eh sale bhaiyeee ena nu ene akal Mott kithe 😂😂😂😂😂😂,1698677998
17918177129734387,drunk_pendu,37698322048,https://instagram.fpnq7-4.fna.fbcdn.net/v/t51.2885-19/368127013_277169858388905_6777407670377728478_n.jpg?stp=dst-jpg_s150x150&cb=d185f762-f577f03c&efg=e30&_nc_ht=instagram.fpnq7-4.fna.fbcdn.net&_nc_cat=105&_nc_ohc=RMdCVafjDDIAX8uluDc&edm=AI-cjbYBAAAA&ccb=7-5&oh=00_AfCUdMQCQt39Zavtdqom1Uh5LYebz28TjdBRlBtoKXh3Jg&oe=65464455&_nc_sid=0985b0,Best one 👏,1698678027
17899939082888247,okeh9111,51266993513,https://instagram.fpnq7-6.fna.fbcdn.net/v/t51.2885-19/381293895_1639150143242920_4907576304033070191_n.jpg?stp=dst-jpg_s150x150&cb=d185f762-f577f03c&efg=e30&_nc_ht=instagram.fpnq7-6.fna.fbcdn.net&_nc_cat=104&_nc_ohc=xiTjjWeytxAAX-4N6AR&edm=AI-cjbYBAAAA&ccb=7-5&oh=00_AfBMt5v0a8dKyjoCbX9osu6zPBs43uTBPam2YEkBVuu6KQ&oe=6546CE92&_nc_sid=0985b0,@ap.dhillxn BROWN SKINS 🛍️✨,1698681751
18112319761328757,followers50khelpmewith_0_post,61892932433,https://instagram.fpnq7-2.fna.fbcdn.net/v/t51.2885-19/383671911_188981310817094_4093613164082771717_n.jpg?stp=dst-jpg_s150x150&cb=d185f762-f577f03c&efg=e30&_nc_ht=instagram.fpnq7-2.fna.fbcdn.net&_nc_cat=102&_nc_ohc=vP7ptjePrVQAX9WuYQq&edm=AI-cjbYBAAAA&ccb=7-5&oh=00_AfDnceqogq8LoTWoZ_EXYkzdHkuq8snoO5r53ddfq9jLmg&oe=65479E4C&_nc_sid=0985b0,Help please ....🙌,1698686354
17968541807634332,karan__singh999999,62407593424,https://instagram.fpnq7-4.fna.fbcdn.net/v/t51.2885-19/395374306_9927145747360762_4341715398341955780_n.jpg?stp=dst-jpg_s150x150&cb=d185f762-f577f03c&efg=e30&_nc_ht=instagram.fpnq7-4.fna.fbcdn.net&_nc_cat=110&_nc_ohc=G_eOGE3m5ZAAX_OBS0N&edm=AI-cjbYBAAAA&ccb=7-5&oh=00_AfCE8PxHuQUKFgzXFFvZbl9W7Ulu5z97vaDP9jYepuP82Q&oe=65471485&_nc_sid=0985b0,@ariiindmxyz._ 😂😂😂,1698690647
17901356288798952,jattnalaik,338063131,https://instagram.fpnq7-3.fna.fbcdn.net/v/t51.2885-19/239397228_371535317761635_4168542553752543425_n.jpg?stp=dst-jpg_s150x150&cb=d185f762-f577f03c&efg=e30&_nc_ht=instagram.fpnq7-3.fna.fbcdn.net&_nc_cat=103&_nc_ohc=_0N06AkF2xYAX9TE-VF&edm=AI-cjbYBAAAA&ccb=7-5&oh=00_AfCrGhWgrNkwn-F8trXtwqa7qdWEEhawEGp2cK2Lw4-fxQ&oe=65465363&_nc_sid=0985b0,Triigered indians 😂,1698712253
18297389038135368,_rajput.hemant_,55872224790,https://instagram.fpnq7-5.fna.fbcdn.net/v/t51.2885-19/396767497_687474940004109_4523260601737930283_n.jpg?stp=dst-jpg_s150x150&cb=d185f762-f577f03c&efg=e30&_nc_ht=instagram.fpnq7-5.fna.fbcdn.net&_nc_cat=109&_nc_ohc=2qEcA_M_OpYAX-anCoi&edm=AI-cjbYBAAAA&ccb=7-5&oh=00_AfB7hciPW-Vi6hxn2CnNlsn2-VCFvYfYhx6lOsZLKeyLyQ&oe=654796DB&_nc_sid=0985b0,@norman.bond456 jaa phele 10 pass kar 😂,1698715125
18023631013775291,rockmike29,7655854859,https://instagram.fpnq7-7.fna.fbcdn.net/v/t51.2885-19/329777186_207572948497794_5861098716949857169_n.jpg?stp=dst-jpg_s150x150&cb=d185f762-f577f03c&efg=e30&_nc_ht=instagram.fpnq7-7.fna.fbcdn.net&_nc_cat=106&_nc_ohc=GxNdLb87JJsAX-ffL9d&edm=AI-cjbYBAAAA&ccb=7-5&oh=00_AfD54I0q1KQf8BOxHF66US7zM1lm9t-wPLSVeK_IrJp9yw&oe=65475FEC&_nc_sid=0985b0,@trending_jhotta5911 views to sabke aate iska matlab ye nai na ki vo insaan acha hai. Chutiya chutiya hi rehta hai. Once a khalis-tani always a khalis-tani. Jao Jake Canada me truck chalo,1698727681
18011764900951620,librandu_slayer,45336460084,https://instagram.fpnq7-4.fna.fbcdn.net/v/t51.2885-19/299441620_820927469282129_2603705195741505144_n.jpg?stp=dst-jpg_s150x150&cb=d185f762-f577f03c&efg=e30&_nc_ht=instagram.fpnq7-4.fna.fbcdn.net&_nc_cat=105&_nc_ohc=LRwHkrekeywAX8tQppg&edm=AI-cjbYBAAAA&ccb=7-5&oh=00_AfCN3Z6s1J2RWDxNvpbecglQygZGNTj40kEpijMndt75qQ&oe=65477792&_nc_sid=0985b0,Hij day,1698733358
17995280813470368,nick_y7318,7322450927,https://instagram.fpnq7-6.fna.fbcdn.net/v/t51.2885-19/347167854_615389627200475_5227881853431455635_n.jpg?stp=dst-jpg_s150x150&cb=d185f762-f577f03c&efg=e30&_nc_ht=instagram.fpnq7-6.fna.fbcdn.net&_nc_cat=111&_nc_ohc=I-eAFxo-Dl4AX8Me9Bi&edm=AI-cjbYBAAAA&ccb=7-5&oh=00_AfBX7zuTXi0mF3SnfU6OdnI53S4pa_TFK61xGLT9ruSqcg&oe=6546513C&_nc_sid=0985b0,❤️,1698734665
17941531397737507,mr_jd__001,6695227732,https://instagram.fpnq7-5.fna.fbcdn.net/v/t51.2885-19/339656073_962034884824339_8452720987540229368_n.jpg?stp=dst-jpg_s150x150&cb=d185f762-f577f03c&efg=e30&_nc_ht=instagram.fpnq7-5.fna.fbcdn.net&_nc_cat=107&_nc_ohc=-wcYmFL021QAX_h-q7G&edm=AI-cjbYBAAAA&ccb=7-5&oh=00_AfDNA3sBf2Rff1T4wPDtxx2k-2gWKEdov1KF6TmyN_qPVQ&oe=65475558&_nc_sid=0985b0,India mat aana sale randwe,1698742995
18005239817293960,ygfffhgfc,60886465806,https://scontent-cgk1-2.cdninstagram.com/v/t51.2885-19/44884218_345707102882519_2446069589734326272_n.jpg?_nc_ht=scontent-cgk1-2.cdninstagram.com&_nc_cat=1&_nc_ohc=s1E5_17ApE4AX-pukVx&edm=ANct6CgBAAAA&ccb=7-5&ig_cache_key=YW5vbnltb3VzX3Byb2ZpbGVfcGlj.2-ccb7-5&oh=00_AfC-MlXYW1GatKfQJujSejtU1Udtdi6k8kfPmw3OlCZgrA&oe=6547A34F&_nc_sid=e9e035,@rohitanshpahuja Dhoom,1698745736
17975796131421080,utka.rsh_9140,45809939772,https://instagram.fpnq7-2.fna.fbcdn.net/v/t51.2885-19/395321182_2068485473506034_2644697394132566448_n.jpg?stp=dst-jpg_s150x150&cb=d185f762-f577f03c&efg=e30&_nc_ht=instagram.fpnq7-2.fna.fbcdn.net&_nc_cat=102&_nc_ohc=4TPJpnNctOYAX8EWoXS&edm=AI-cjbYBAAAA&ccb=7-5&oh=00_AfDPyCM_zKKpPdACHAHjvQEezxuRyolk-yYMPngO7JHa5A&oe=6546EF56&_nc_sid=0985b0,Chutiya 😂,1698751371
17999435576039988,expecting_unexpected07,61274029594,https://instagram.fpnq7-6.fna.fbcdn.net/v/t51.2885-19/367079918_960656851906588_62429905760778461_n.jpg?stp=dst-jpg_s150x150&cb=d185f762-f577f03c&efg=e30&_nc_ht=instagram.fpnq7-6.fna.fbcdn.net&_nc_cat=104&_nc_ohc=dzqgAno1vKoAX8nZ-0L&edm=AI-cjbYBAAAA&ccb=7-5&oh=00_AfDcIC_Dy2QX_xk_xHMpa1vtXyShcpmpsMmj8vFu3HbUpg&oe=65478D36&_nc_sid=0985b0,@manas_kumar_7577 teri maa chudi huyi hai iska mtlb hai ni ki sabhi ka tere wala haal hai,1698759196
17955541136566713,gautamjangid0000,5578224804,https://instagram.fpnq7-3.fna.fbcdn.net/v/t51.2885-19/100482151_641004696490789_5732172265022291968_n.jpg?stp=dst-jpg_s150x150&cb=d185f762-f577f03c&efg=e30&_nc_ht=instagram.fpnq7-3.fna.fbcdn.net&_nc_cat=101&_nc_ohc=wTIqO7kTTboAX92bJqu&edm=AI-cjbYBAAAA&ccb=7-5&oh=00_AfA86papKxXA9ZhCBQTI9Vf3d0Ky4fG_Yi2ygEmZJVxCBQ&oe=65464D65&_nc_sid=0985b0,@__itzsingh_ Abe chutiye American music ko American music hi bolte hai English music nahi na to ye india hai to ya to Indian music ya fir Indian Punjabi music bolo ... Or hate kisi ke mann me nahi hoti ...hate ye khud paida karte hai khud ki statement se,1698759923
18011273785850977,kuldeep_sh4rm4,45321272393,https://instagram.fpnq7-6.fna.fbcdn.net/v/t51.2885-19/392939751_357700140030916_7078836180531850464_n.jpg?stp=dst-jpg_s150x150&cb=d185f762-f577f03c&efg=e30&_nc_ht=instagram.fpnq7-6.fna.fbcdn.net&_nc_cat=104&_nc_ohc=6VqzuOEK5vEAX-hClNI&edm=AI-cjbYBAAAA&ccb=7-5&oh=00_AfBtqTWffBH2rcHBgFV_o07kr2wGcbQzAZrxbxsynl7uew&oe=6546BA77&_nc_sid=0985b0,@dxbaltaf  sahi kha 😂😂,1698761914
17984573135294057,urz_bains,55088365307,https://scontent-cgk1-2.cdninstagram.com/v/t51.2885-19/44884218_345707102882519_2446069589734326272_n.jpg?_nc_ht=scontent-cgk1-2.cdninstagram.com&_nc_cat=1&_nc_ohc=s1E5_17ApE4AX-pukVx&edm=ANct6CgBAAAA&ccb=7-5&ig_cache_key=YW5vbnltb3VzX3Byb2ZpbGVfcGlj.2-ccb7-5&oh=00_AfC-MlXYW1GatKfQJujSejtU1Udtdi6k8kfPmw3OlCZgrA&oe=6547A34F&_nc_sid=e9e035,❤️❤️❤️,1698762253
18033186289616766,thewalkyri,5663734305,https://instagram.fpnq7-7.fna.fbcdn.net/v/t51.2885-19/394282553_1468810907248134_1773435374751184279_n.jpg?stp=dst-jpg_s150x150&cb=d185f762-f577f03c&efg=e30&_nc_ht=instagram.fpnq7-7.fna.fbcdn.net&_nc_cat=106&_nc_ohc=iY8xZn7ntiIAX851XeE&edm=AI-cjbYBAAAA&ccb=7-5&oh=00_AfBXo9WGiqt9GxrtXxSkGp7Bi0JSEr1rchdIFJxbhX2ZPA&oe=65464BA7&_nc_sid=0985b0,"@shobhit.loaded bhai are U "" thoda sa BKL""",1698766241
17910594344770475,thewalkyri,5663734305,https://instagram.fpnq7-7.fna.fbcdn.net/v/t51.2885-19/394282553_1468810907248134_1773435374751184279_n.jpg?stp=dst-jpg_s150x150&cb=d185f762-f577f03c&efg=e30&_nc_ht=instagram.fpnq7-7.fna.fbcdn.net&_nc_cat=106&_nc_ohc=iY8xZn7ntiIAX851XeE&edm=AI-cjbYBAAAA&ccb=7-5&oh=00_AfBXo9WGiqt9GxrtXxSkGp7Bi0JSEr1rchdIFJxbhX2ZPA&oe=65464BA7&_nc_sid=0985b0,@ananthaax bhai are u thoda sa BkL,1698766269
17998423619205347,harivanshg,41455161720,https://instagram.fpnq7-6.fna.fbcdn.net/v/t51.2885-19/277113141_1844036512456648_1564416146073757065_n.jpg?stp=dst-jpg_s150x150&cb=d185f762-f577f03c&efg=e30&_nc_ht=instagram.fpnq7-6.fna.fbcdn.net&_nc_cat=104&_nc_ohc=dDVBxJ3i4PoAX89wu0y&edm=AI-cjbYBAAAA&ccb=7-5&oh=00_AfCxTvsEIv8JAiIHwqK4cfum-dC3ipah74OJuRv4Me56yA&oe=65478365&_nc_sid=0985b0,Full hate from Lucknow 😂🙌🏻,1698770077
18024433096771261,trending_jhotta5911,60901937781,https://instagram.fpnq7-2.fna.fbcdn.net/v/t51.2885-19/387792573_699092758437920_8846278619834489318_n.jpg?stp=dst-jpg_s150x150&cb=d185f762-f577f03c&efg=e30&_nc_ht=instagram.fpnq7-2.fna.fbcdn.net&_nc_cat=108&_nc_ohc=aS1nsC754aUAX9SRPRp&edm=AI-cjbYBAAAA&ccb=7-5&oh=00_AfBFeC9wA04M9kGXAgRSa6G165pbj8hs9ws7CTfv1_KMMA&oe=6547752E&_nc_sid=0985b0,@rockmike29 oyee lodu moot ki over dose ho gayi kya😂😂😂 once a andhbhakt always a andhbhakt gobar ki overdose ka shikar be 😂😂 bhaiyeee 😂moot pi sath mein teri sari pushte kharid lege😂😂😂 baat toh naa kar😂😂😂,1698771458
18008530735895836,trending_jhotta5911,60901937781,https://instagram.fpnq7-2.fna.fbcdn.net/v/t51.2885-19/387792573_699092758437920_8846278619834489318_n.jpg?stp=dst-jpg_s150x150&cb=d185f762-f577f03c&efg=e30&_nc_ht=instagram.fpnq7-2.fna.fbcdn.net&_nc_cat=108&_nc_ohc=aS1nsC754aUAX9SRPRp&edm=AI-cjbYBAAAA&ccb=7-5&oh=00_AfBFeC9wA04M9kGXAgRSa6G165pbj8hs9ws7CTfv1_KMMA&oe=6547752E&_nc_sid=0985b0,@rockmike29 teri maa di fudii phenchodaaa lundu maa naa chudaa net udee bond marwani tu phenchodaaaa 1000 saal toh gulam si tuhi assi azad karaya 😂😂bond ch keeda aa landu de kadanaa kidaa😂😂#landu moot pi aur kush reha kar😂😂 dihari laga aajaa khetaa ch😂😂😂,1698772005
18086170507382518,purvaa_91,62266826273,https://instagram.fpnq7-3.fna.fbcdn.net/v/t51.2885-19/395449732_3494110247568207_717517318022540109_n.jpg?stp=dst-jpg_s150x150&cb=d185f762-f577f03c&efg=e30&_nc_ht=instagram.fpnq7-3.fna.fbcdn.net&_nc_cat=103&_nc_ohc=b8OfjJNVr18AX-ZCut7&edm=AI-cjbYBAAAA&ccb=7-5&oh=00_AfA6rLiuf9Lu8qsrobfMKsRy34ah4Xp9ECU6PCUVf-RjyA&oe=65461869&_nc_sid=0985b0,😍,1698774236
17849706654074712,vishal_bisht99,44943633732,https://instagram.fpnq7-3.fna.fbcdn.net/v/t51.2885-19/385038815_647523057192445_2660553150189306857_n.jpg?stp=dst-jpg_s150x150&cb=d185f762-f577f03c&efg=e30&_nc_ht=instagram.fpnq7-3.fna.fbcdn.net&_nc_cat=101&_nc_ohc=IiLyJ3-oJW0AX9QZB2k&edm=AI-cjbYBAAAA&ccb=7-5&oh=00_AfA7QrgS0UN2nLZQT3sIT-iutaBAHewfQodOc17a7RoG0A&oe=65473986&_nc_sid=0985b0,Boycott,1698776192
18284166565159295,karanghxtra,8492363227,https://instagram.fpnq7-2.fna.fbcdn.net/v/t51.2885-19/385870564_853810633069754_2237541661955967230_n.jpg?stp=dst-jpg_s150x150&cb=d185f762-f577f03c&efg=e30&_nc_ht=instagram.fpnq7-2.fna.fbcdn.net&_nc_cat=102&_nc_ohc=W9RsEWoewyUAX_oKO_Z&edm=AI-cjbYBAAAA&ccb=7-5&oh=00_AfCar1SIFrxGFW8rM9m4xHOaCewQSO9ldKl1QM7VFx1zYg&oe=654732AA&_nc_sid=0985b0,@harpreet_hp 😂 sirra,1698813952
18019091980872892,dontlook_caika,56972475820,https://instagram.fpnq7-2.fna.fbcdn.net/v/t51.2885-19/397174598_176484872124212_4503526464931668430_n.jpg?stp=dst-jpg_s150x150&cb=d185f762-f577f03c&efg=e30&_nc_ht=instagram.fpnq7-2.fna.fbcdn.net&_nc_cat=108&_nc_ohc=mWsoINKexLQAX_PeiIt&edm=AI-cjbYBAAAA&ccb=7-5&oh=00_AfDuFje0-5zYIguSpaEAbqblk3PoF7xtUgqNrDkd92oA2w&oe=654761AF&_nc_sid=0985b0,Crushhh😍😖. Wnna meet you,1698820361
18001697486005233,shivraajsingh451,62934617370,https://instagram.fpnq7-5.fna.fbcdn.net/v/t51.2885-19/398173672_1797897227343129_9131125632968294098_n.jpg?stp=dst-jpg_s150x150&cb=d185f762-f577f03c&efg=e30&_nc_ht=instagram.fpnq7-5.fna.fbcdn.net&_nc_cat=109&_nc_ohc=IyWhJPH5JqwAX8O3UBx&edm=AI-cjbYBAAAA&ccb=7-5&oh=00_AfC8Anzs05G4qP9CkGrC4EwVdzIGkZLw6fqbQ3eSh-nmgA&oe=65465231&_nc_sid=0985b0,Hate from Jharkhand,1698821962
18007515584066159,navpreet_k_grewal,1252421418,https://instagram.fpnq7-2.fna.fbcdn.net/v/t51.2885-19/347020356_768821218239662_8446234156441818817_n.jpg?stp=dst-jpg_s150x150&cb=d185f762-f577f03c&efg=e30&_nc_ht=instagram.fpnq7-2.fna.fbcdn.net&_nc_cat=102&_nc_ohc=7nsQs7QZHB4AX-l9pIX&edm=AI-cjbYBAAAA&ccb=7-5&oh=00_AfCsyxinya_U-5DOQt_BmbBp-XGfo5vqPDRGb48xFXiV0A&oe=6545FBA0&_nc_sid=0985b0,@shobhit.loaded okay modi ji have a seat with the rest of them 😂😂 Dj plz play Indian music 😂😂😂,1698274041
18209675212259255,preet3472023,62178222222,https://instagram.fpnq7-2.fna.fbcdn.net/v/t51.2885-19/381501898_641549201129900_8929414183286582626_n.jpg?stp=dst-jpg_s150x150&cb=d185f762-f577f03c&efg=e30&_nc_ht=instagram.fpnq7-2.fna.fbcdn.net&_nc_cat=108&_nc_ohc=WjJCzIvKQicAX9uc1-L&edm=AI-cjbYBAAAA&ccb=7-5&oh=00_AfCdLY1vAMzR-KW9cBTmToVLW8RNPA2nkoqdiuSNIdu3-Q&oe=654607CF&_nc_sid=0985b0,@samparker1996 chl Tera dressing sense kya ha btaa Teri aukaat ha iske barabar kmane ki sale berojgar😂,1698293521
18048650143520052,nooreh.ch,60146804869,https://instagram.fpnq7-4.fna.fbcdn.net/v/t51.2885-19/396511300_3736433136604313_4222441689001245453_n.jpg?stp=dst-jpg_s150x150&cb=d185f762-f577f03c&efg=e30&_nc_ht=instagram.fpnq7-4.fna.fbcdn.net&_nc_cat=105&_nc_ohc=73So39fIkyMAX_4N6Dv&edm=AI-cjbYBAAAA&ccb=7-5&oh=00_AfDtSt3DKKdx5cBOI3fp34Fq0PGvOOXdjbsGyb7ASTlogQ&oe=65465E9A&_nc_sid=0985b0,Pakistanis singers are cool but indian are way beyond words,1698294329
18029888638651344,veenvelocity,1952847101,https://instagram.fpnq7-6.fna.fbcdn.net/v/t51.2885-19/355255480_286433267156219_81078246603015646_n.jpg?stp=dst-jpg_s150x150&cb=d185f762-f577f03c&efg=e30&_nc_ht=instagram.fpnq7-6.fna.fbcdn.net&_nc_cat=111&_nc_ohc=p6fyx24lgskAX_LZFLe&edm=AI-cjbYBAAAA&ccb=7-5&oh=00_AfDEacxRfYpgTBY3ekMYg3ASFe0K8k488_gWnTqmab70Ug&oe=654786E1&_nc_sid=0985b0,Please speak up for PALESTINE 🇵🇸,1698294397
18091152877373316,kuldeep_sh4rm4,45321272393,https://instagram.fpnq7-6.fna.fbcdn.net/v/t51.2885-19/392939751_357700140030916_7078836180531850464_n.jpg?stp=dst-jpg_s150x150&cb=d185f762-f577f03c&efg=e30&_nc_ht=instagram.fpnq7-6.fna.fbcdn.net&_nc_cat=104&_nc_ohc=6VqzuOEK5vEAX-hClNI&edm=AI-cjbYBAAAA&ccb=7-5&oh=00_AfBtqTWffBH2rcHBgFV_o07kr2wGcbQzAZrxbxsynl7uew&oe=6546BA77&_nc_sid=0985b0,Haa ye sab haters yhi krne aate hai 😂😂,1698298093
17933256587765713,manas_kumar_7577,49517355468,https://scontent.cdninstagram.com/v/t51.2885-19/44884218_345707102882519_2446069589734326272_n.jpg?_nc_ht=scontent.cdninstagram.com&_nc_cat=1&_nc_ohc=s1E5_17ApE4AX9H2lZg&edm=ALgcO5sBAAAA&ccb=7-5&ig_cache_key=YW5vbnltb3VzX3Byb2ZpbGVfcGlj.2-ccb7-5&oh=00_AfA06vhbkKWl4oxwuXgAk-vbdaM328SBejHemmjsbu-BhA&oe=6547A34F&_nc_sid=db5f6e,@expecting_unexpected07 tu apni ma kyu chuda rha h bhai beech me 😮,1698328351
18393572950033844,yasmine__meyer,53713029179,https://instagram.fpnq7-5.fna.fbcdn.net/v/t51.2885-19/344557989_673741674558943_7175368510064053645_n.jpg?stp=dst-jpg_s150x150&cb=d185f762-f577f03c&efg=e30&_nc_ht=instagram.fpnq7-5.fna.fbcdn.net&_nc_cat=107&_nc_ohc=OJnOM7XjYw0AX-masDJ&edm=AI-cjbYBAAAA&ccb=7-5&oh=00_AfDL6yIP7Q7VSAytSAYrRCNeP1hkug7JsW85gxriFq7D6Q&oe=6546B494&_nc_sid=0985b0,@jessica__darrell I'm  happy at least I found a company I recovered my loss from.Thanks @jessica__darrell,1698330245
17931273341773875,shashank_chavan71,53452251644,https://scontent.cdninstagram.com/v/t51.2885-19/44884218_345707102882519_2446069589734326272_n.jpg?_nc_ht=scontent.cdninstagram.com&_nc_cat=1&_nc_ohc=s1E5_17ApE4AX9H2lZg&edm=ALgcO5sBAAAA&ccb=7-5&ig_cache_key=YW5vbnltb3VzX3Byb2ZpbGVfcGlj.2-ccb7-5&oh=00_AfA06vhbkKWl4oxwuXgAk-vbdaM328SBejHemmjsbu-BhA&oe=6547A34F&_nc_sid=db5f6e,@harpreet_hp oye udta punjab.. logic bech ke kha gaya kya..?!,1698340783
18076113721412534,shashank_chavan71,53452251644,https://scontent.cdninstagram.com/v/t51.2885-19/44884218_345707102882519_2446069589734326272_n.jpg?_nc_ht=scontent.cdninstagram.com&_nc_cat=1&_nc_ohc=s1E5_17ApE4AX9H2lZg&edm=ALgcO5sBAAAA&ccb=7-5&ig_cache_key=YW5vbnltb3VzX3Byb2ZpbGVfcGlj.2-ccb7-5&oh=00_AfA06vhbkKWl4oxwuXgAk-vbdaM328SBejHemmjsbu-BhA&oe=6547A34F&_nc_sid=db5f6e,@iamnav.52 indeed.. sunny leone bhi Punjabi hi thi na..😂😂,1698340836
18263913919160564,shashank_chavan71,53452251644,https://scontent.cdninstagram.com/v/t51.2885-19/44884218_345707102882519_2446069589734326272_n.jpg?_nc_ht=scontent.cdninstagram.com&_nc_cat=1&_nc_ohc=s1E5_17ApE4AX9H2lZg&edm=ALgcO5sBAAAA&ccb=7-5&ig_cache_key=YW5vbnltb3VzX3Byb2ZpbGVfcGlj.2-ccb7-5&oh=00_AfA06vhbkKWl4oxwuXgAk-vbdaM328SBejHemmjsbu-BhA&oe=6547A34F&_nc_sid=db5f6e,🤮 ye pi Dhillon..,1698340896
17984555564294867,shashank_chavan71,53452251644,https://scontent.cdninstagram.com/v/t51.2885-19/44884218_345707102882519_2446069589734326272_n.jpg?_nc_ht=scontent.cdninstagram.com&_nc_cat=1&_nc_ohc=s1E5_17ApE4AX9H2lZg&edm=ALgcO5sBAAAA&ccb=7-5&ig_cache_key=YW5vbnltb3VzX3Byb2ZpbGVfcGlj.2-ccb7-5&oh=00_AfA06vhbkKWl4oxwuXgAk-vbdaM328SBejHemmjsbu-BhA&oe=6547A34F&_nc_sid=db5f6e,Khalistaniyo ki maa ka b#o$d∆,1698341290
18322666789102656,ishiqa611,62753560226,https://instagram.fpnq7-2.fna.fbcdn.net/v/t51.2885-19/395526434_868635587964488_3063405844079865535_n.jpg?stp=dst-jpg_s150x150&cb=d185f762-f577f03c&efg=e30&_nc_ht=instagram.fpnq7-2.fna.fbcdn.net&_nc_cat=108&_nc_ohc=M9UvZJfIpvYAX_mjShG&edm=AI-cjbYBAAAA&ccb=7-5&oh=00_AfB1VlLdS3uwm26wkdJqxKIxcqfmhLqhrbh5ZZNiij0YNA&oe=6547A341&_nc_sid=0985b0,❤️❤️,1698349958
18056585845478996,sprintrco,57823463785,https://instagram.fpnq7-5.fna.fbcdn.net/v/t51.2885-19/331944867_1184598012194349_7871020710755296989_n.jpg?stp=dst-jpg_s150x150&cb=d185f762-f577f03c&efg=e30&_nc_ht=instagram.fpnq7-5.fna.fbcdn.net&_nc_cat=109&_nc_ohc=Jk8Y3qydSA0AX8sAjD8&edm=AI-cjbYBAAAA&ccb=7-5&oh=00_AfBYSreE_5XDfSQwPU60W3Qrx97rlOXGxWS4UTMpWpyGfQ&oe=6547E188&_nc_sid=0985b0,🙌🙌🙌🙌🙌,1698376356
18002736494121635,harmenkay,1074822736,https://instagram.fpnq7-2.fna.fbcdn.net/v/t51.2885-19/324064255_220969243713656_5681192148457147913_n.jpg?stp=dst-jpg_s150x150&cb=d185f762-f577f03c&efg=e30&_nc_ht=instagram.fpnq7-2.fna.fbcdn.net&_nc_cat=108&_nc_ohc=JyH7FtzwKZMAX_fCAlo&edm=AI-cjbYBAAAA&ccb=7-5&oh=00_AfCHGuoHrbooTtBL0utRijYgG0a3y7UPXYRTfJP9iZ58Sg&oe=65470E9F&_nc_sid=0985b0,"AP ignore the haters, what you’ve accomplished is an inspiration to others. Keep striving and aim for the moon because you always fall among the stars ⭐️",1698390710
18007842320068228,bindasskrishna_22,16936268064,https://instagram.fpnq7-3.fna.fbcdn.net/v/t51.2885-19/395038603_709590681043717_4807708245342801756_n.jpg?stp=dst-jpg_s150x150&cb=d185f762-f577f03c&efg=e30&_nc_ht=instagram.fpnq7-3.fna.fbcdn.net&_nc_cat=101&_nc_ohc=70IjwZwL3fYAX9Mzd4q&edm=AI-cjbYBAAAA&ccb=7-5&oh=00_AfAxM2Uf_NoPovKI1rPGyKeZqei56kQW6G1k2APwFSbpYA&oe=6547C95B&_nc_sid=0985b0,❤️❤️❤️,1698391504
18053124271491790,i_preetbhagat06,62065401202,https://instagram.fpnq7-2.fna.fbcdn.net/v/t51.2885-19/395560658_2077997932539812_7679915028963423028_n.jpg?stp=dst-jpg_s150x150&cb=d185f762-f577f03c&efg=e30&_nc_ht=instagram.fpnq7-2.fna.fbcdn.net&_nc_cat=108&_nc_ohc=3Ejl2ij0SakAX_0I51A&edm=AI-cjbYBAAAA&ccb=7-5&oh=00_AfD13TwC0aVApExMmIDXVCfyYG0_wx3U-sWMOCyaSZ1mJQ&oe=65474CCE&_nc_sid=0985b0,🔥🔥🔥,1698402852
18007953608021108,pgill178,5855585516,https://scontent.cdninstagram.com/v/t51.2885-19/44884218_345707102882519_2446069589734326272_n.jpg?_nc_ht=scontent.cdninstagram.com&_nc_cat=1&_nc_ohc=s1E5_17ApE4AX9H2lZg&edm=ALgcO5sBAAAA&ccb=7-5&ig_cache_key=YW5vbnltb3VzX3Byb2ZpbGVfcGlj.2-ccb7-5&oh=00_AfA06vhbkKWl4oxwuXgAk-vbdaM328SBejHemmjsbu-BhA&oe=6547A34F&_nc_sid=db5f6e,proud of what you have achieved. But this pose symbolises you have been silenced by the industry,1698411319
17978158304347894,amanguptaa26,3647955265,https://instagram.fpnq7-4.fna.fbcdn.net/v/t51.2885-19/394024717_1478730102695105_1612877433266306361_n.jpg?stp=dst-jpg_s150x150&cb=d185f762-f577f03c&efg=e30&_nc_ht=instagram.fpnq7-4.fna.fbcdn.net&_nc_cat=105&_nc_ohc=zP-08aqoWz0AX-l9Z7X&edm=AI-cjbYBAAAA&ccb=7-5&oh=00_AfCT0p4fR2OkASFBUkdEIDF3VkYxRER38KeBMVjgeoZKVA&oe=65466DAA&_nc_sid=0985b0,Mamdharchomd,1698431421
18025271383737996,izzissuehere,55227234895,https://instagram.fpnq7-3.fna.fbcdn.net/v/t51.2885-19/393254955_854663263011433_293967358038206831_n.jpg?stp=dst-jpg_s150x150&cb=d185f762-f577f03c&efg=e30&_nc_ht=instagram.fpnq7-3.fna.fbcdn.net&_nc_cat=101&_nc_ohc=dzCigvGTEMsAX8cUfdH&edm=AI-cjbYBAAAA&ccb=7-5&oh=00_AfDmlOW-pa49QCbQMeIXBI47gf4vRF0iHQmIO4IByYgLNA&oe=6547C68D&_nc_sid=0985b0,#freepalestine,1698432107
17988473453200998,k3shav._.13,49783570712,https://instagram.fpnq7-5.fna.fbcdn.net/v/t51.2885-19/395192470_675401741228469_1997148907828656398_n.jpg?stp=dst-jpg_s150x150&cb=d185f762-f577f03c&efg=e30&_nc_ht=instagram.fpnq7-5.fna.fbcdn.net&_nc_cat=109&_nc_ohc=FxMn4D1NrWUAX_X9NOb&edm=AI-cjbYBAAAA&ccb=7-5&oh=00_AfCqXFKaW3JTFc17m7YEJQ7miHow_IpxjCzW5KJKcgDMHA&oe=6546BCC0&_nc_sid=0985b0,Chal chal,1698477241
18269880103093452,trending_jhotta5911,60901937781,https://instagram.fpnq7-2.fna.fbcdn.net/v/t51.2885-19/387792573_699092758437920_8846278619834489318_n.jpg?stp=dst-jpg_s150x150&cb=d185f762-f577f03c&efg=e30&_nc_ht=instagram.fpnq7-2.fna.fbcdn.net&_nc_cat=108&_nc_ohc=aS1nsC754aUAX9SRPRp&edm=AI-cjbYBAAAA&ccb=7-5&oh=00_AfBFeC9wA04M9kGXAgRSa6G165pbj8hs9ws7CTfv1_KMMA&oe=6547752E&_nc_sid=0985b0,@_.utxsav07._ sapne vich😂😂😂,1698491555
17984503766290127,trending_jhotta5911,60901937781,https://instagram.fpnq7-2.fna.fbcdn.net/v/t51.2885-19/387792573_699092758437920_8846278619834489318_n.jpg?stp=dst-jpg_s150x150&cb=d185f762-f577f03c&efg=e30&_nc_ht=instagram.fpnq7-2.fna.fbcdn.net&_nc_cat=108&_nc_ohc=aS1nsC754aUAX9SRPRp&edm=AI-cjbYBAAAA&ccb=7-5&oh=00_AfBFeC9wA04M9kGXAgRSa6G165pbj8hs9ws7CTfv1_KMMA&oe=6547752E&_nc_sid=0985b0,@ankit_000i oyeee lodu bond deni tu😂😂,1698491612
17940090662636113,trending_jhotta5911,60901937781,https://instagram.fpnq7-2.fna.fbcdn.net/v/t51.2885-19/387792573_699092758437920_8846278619834489318_n.jpg?stp=dst-jpg_s150x150&cb=d185f762-f577f03c&efg=e30&_nc_ht=instagram.fpnq7-2.fna.fbcdn.net&_nc_cat=108&_nc_ohc=aS1nsC754aUAX9SRPRp&edm=AI-cjbYBAAAA&ccb=7-5&oh=00_AfBFeC9wA04M9kGXAgRSa6G165pbj8hs9ws7CTfv1_KMMA&oe=6547752E&_nc_sid=0985b0,@naresh_gusain.001 abee mere betw chup😂😂,1698491632
18043028644543606,trending_jhotta5911,60901937781,https://instagram.fpnq7-2.fna.fbcdn.net/v/t51.2885-19/387792573_699092758437920_8846278619834489318_n.jpg?stp=dst-jpg_s150x150&cb=d185f762-f577f03c&efg=e30&_nc_ht=instagram.fpnq7-2.fna.fbcdn.net&_nc_cat=108&_nc_ohc=aS1nsC754aUAX9SRPRp&edm=AI-cjbYBAAAA&ccb=7-5&oh=00_AfBFeC9wA04M9kGXAgRSa6G165pbj8hs9ws7CTfv1_KMMA&oe=6547752E&_nc_sid=0985b0,@shobhit.loaded why teri bond kyo jall rahi aa😂😂😂,1698491691
18068502712395032,trending_jhotta5911,60901937781,https://instagram.fpnq7-2.fna.fbcdn.net/v/t51.2885-19/387792573_699092758437920_8846278619834489318_n.jpg?stp=dst-jpg_s150x150&cb=d185f762-f577f03c&efg=e30&_nc_ht=instagram.fpnq7-2.fna.fbcdn.net&_nc_cat=108&_nc_ohc=aS1nsC754aUAX9SRPRp&edm=AI-cjbYBAAAA&ccb=7-5&oh=00_AfBFeC9wA04M9kGXAgRSa6G165pbj8hs9ws7CTfv1_KMMA&oe=6547752E&_nc_sid=0985b0,@samparker1996 view dekh le tera pariwar moot pilee ga😂😂,1698491719
17991951038147582,trending_jhotta5911,60901937781,https://instagram.fpnq7-2.fna.fbcdn.net/v/t51.2885-19/387792573_699092758437920_8846278619834489318_n.jpg?stp=dst-jpg_s150x150&cb=d185f762-f577f03c&efg=e30&_nc_ht=instagram.fpnq7-2.fna.fbcdn.net&_nc_cat=108&_nc_ohc=aS1nsC754aUAX9SRPRp&edm=AI-cjbYBAAAA&ccb=7-5&oh=00_AfBFeC9wA04M9kGXAgRSa6G165pbj8hs9ws7CTfv1_KMMA&oe=6547752E&_nc_sid=0985b0,@madhav.patwari.14 moot pi terrorist 😂😂,1698491734
17998638878328040,trending_jhotta5911,60901937781,https://instagram.fpnq7-2.fna.fbcdn.net/v/t51.2885-19/387792573_699092758437920_8846278619834489318_n.jpg?stp=dst-jpg_s150x150&cb=d185f762-f577f03c&efg=e30&_nc_ht=instagram.fpnq7-2.fna.fbcdn.net&_nc_cat=108&_nc_ohc=aS1nsC754aUAX9SRPRp&edm=AI-cjbYBAAAA&ccb=7-5&oh=00_AfBFeC9wA04M9kGXAgRSa6G165pbj8hs9ws7CTfv1_KMMA&oe=6547752E&_nc_sid=0985b0,@aman_kukreti_19 LODAence pishnoi khalastani hai NIA ki report dekh lodu😂😂😂,1698491804
17988018290412975,jassxdeep_status,26179087257,https://instagram.fpnq7-4.fna.fbcdn.net/v/t51.2885-19/387688425_1054689108880577_2907349393387427807_n.jpg?stp=dst-jpg_s150x150&cb=d185f762-f577f03c&efg=e30&_nc_ht=instagram.fpnq7-4.fna.fbcdn.net&_nc_cat=105&_nc_ohc=kgUBgYU1fPUAX_7UAHM&edm=AI-cjbYBAAAA&ccb=7-5&oh=00_AfCOJY-bsftYmnFl3ymqRIW6kS4AUyb0Vu1ODFjYrUXb8Q&oe=65464349&_nc_sid=0985b0,@unratedpanda yes 🤮👍,1698494458
18002731847146077,samparker1996,3443323264,https://instagram.fpnq7-2.fna.fbcdn.net/v/t51.2885-19/21980675_821725511339042_4502489056201932800_n.jpg?stp=dst-jpg_s150x150&cb=d185f762-f577f03c&efg=e30&_nc_ht=instagram.fpnq7-2.fna.fbcdn.net&_nc_cat=102&_nc_ohc=zCJmq1QArb4AX9bRIWY&edm=AI-cjbYBAAAA&ccb=7-5&oh=00_AfBYyQsoIdfSL6puHYrFHrGxLzs5iP6oDo6o5t3_P-EyTQ&oe=6546C3F1&_nc_sid=0985b0,"@trending_jhotta5911 lagta ha tune bahut peya hai, isilye tereko zada pata hai",1698501128
18017698819892511,ekampikku,57494435289,https://instagram.fpnq7-2.fna.fbcdn.net/v/t51.2885-19/334717048_244478054599364_1942839028690270120_n.jpg?stp=dst-jpg_s150x150&cb=d185f762-f577f03c&efg=e30&_nc_ht=instagram.fpnq7-2.fna.fbcdn.net&_nc_cat=108&_nc_ohc=ZgaZ_DtCcy4AX_QzZkb&edm=AI-cjbYBAAAA&ccb=7-5&oh=00_AfD0f_WGuritWQLhNRBS71oU5MzSjQsG9fOovtfWNzGYeg&oe=654677BF&_nc_sid=0985b0,Punjab❤️,1698505139
18005626555899132,navsa__rathore,53473404598,https://instagram.fpnq7-1.fna.fbcdn.net/v/t51.2885-19/342076084_907237716995988_3158336796648916246_n.jpg?stp=dst-jpg_s150x150&cb=d185f762-f577f03c&efg=e30&_nc_ht=instagram.fpnq7-1.fna.fbcdn.net&_nc_cat=100&_nc_ohc=ZMrahs_oY6YAX-xUKr3&edm=AI-cjbYBAAAA&ccb=7-5&oh=00_AfDdP3pUafAPa87YSRvdAJVWtYqI_GLrZuN3CcXoCfMVXQ&oe=6547382D&_nc_sid=0985b0,Chakka 😂😂😂😂😂,1698509655
18031924039568175,mana__lamber,8638928775,https://instagram.fpnq7-2.fna.fbcdn.net/v/t51.2885-19/358344778_1366185077660954_201565986860850955_n.jpg?stp=dst-jpg_s150x150&cb=d185f762-f577f03c&efg=e30&_nc_ht=instagram.fpnq7-2.fna.fbcdn.net&_nc_cat=102&_nc_ohc=1ExncDTb-x0AX-g4rAi&edm=AI-cjbYBAAAA&ccb=7-5&oh=00_AfBG4L22-eyBarita1RKBX756U6u8hG22GK7KVcYHRvfxw&oe=6547E45F&_nc_sid=0985b0,@manishtwr14 kon hate filata hai btana,1698513505
18269430373162750,logo__x__07,58493581023,https://instagram.fpnq7-5.fna.fbcdn.net/v/t51.2885-19/343442992_1722560801531779_2461625543454784382_n.jpg?stp=dst-jpg_s150x150&cb=d185f762-f577f03c&efg=e30&_nc_ht=instagram.fpnq7-5.fna.fbcdn.net&_nc_cat=107&_nc_ohc=HRt6LLXwHLEAX9EfaaR&edm=AI-cjbYBAAAA&ccb=7-5&oh=00_AfAgDhEkJqVeDQSKP1XP3_yxh7ovi7wuKIJj34VmgTSauA&oe=6547C0FB&_nc_sid=0985b0,,1698555391
17972508812468923,trending_jhotta5911,60901937781,https://instagram.fpnq7-2.fna.fbcdn.net/v/t51.2885-19/387792573_699092758437920_8846278619834489318_n.jpg?stp=dst-jpg_s150x150&cb=d185f762-f577f03c&efg=e30&_nc_ht=instagram.fpnq7-2.fna.fbcdn.net&_nc_cat=108&_nc_ohc=aS1nsC754aUAX9SRPRp&edm=AI-cjbYBAAAA&ccb=7-5&oh=00_AfBFeC9wA04M9kGXAgRSa6G165pbj8hs9ws7CTfv1_KMMA&oe=6547752E&_nc_sid=0985b0,@samparker1996 moot ki overdose hogayu kya bachee😂😂 andhbhakt,1698568816
18001468415000294,cute_hemu14_1993,61473683878,https://instagram.fpnq7-5.fna.fbcdn.net/v/t51.2885-19/368330514_141830022305349_2706764547269439620_n.jpg?stp=dst-jpg_s150x150&cb=d185f762-f577f03c&efg=e30&_nc_ht=instagram.fpnq7-5.fna.fbcdn.net&_nc_cat=109&_nc_ohc=YJFDIFziIKwAX_GHoq8&edm=AI-cjbYBAAAA&ccb=7-5&oh=00_AfATokRsRrBa-LV6Zt11R-DXuYMx_UQAQqvvYNuJfg8LsA&oe=65466429&_nc_sid=0985b0,🔥,1698600577
18007490303002830,vicky2nishad,58172125792,https://instagram.fpnq7-4.fna.fbcdn.net/v/t51.2885-19/397582867_1357655671811441_972173954006719219_n.jpg?stp=dst-jpg_s150x150&cb=d185f762-f577f03c&efg=e30&_nc_ht=instagram.fpnq7-4.fna.fbcdn.net&_nc_cat=105&_nc_ohc=2TH-wh6MpOwAX-WDY3s&edm=AI-cjbYBAAAA&ccb=7-5&oh=00_AfCjxcS_tXqsdmINbTjnU-o5C15AhwyRO2SwlQOdeRh0Sw&oe=65467B8E&_nc_sid=0985b0,😂😂😂😂😂good,1697989812
18021230113678034,mundeaapendu,62254500493,https://instagram.fpnq7-7.fna.fbcdn.net/v/t51.2885-19/387266093_357720466687026_255116295768007693_n.jpg?stp=dst-jpg_s150x150&cb=d185f762-f577f03c&efg=e30&_nc_ht=instagram.fpnq7-7.fna.fbcdn.net&_nc_cat=106&_nc_ohc=MqLPB57yXhkAX9kx0v7&edm=AI-cjbYBAAAA&ccb=7-5&oh=00_AfB3akBsPzuxpAAj93laFrGcWBl1lPVGg6tLmC1jacthBw&oe=6546F3DC&_nc_sid=0985b0,🔥❤️,1697992466
17969772212631654,layla_colbourne_,57253677723,https://instagram.fpnq7-4.fna.fbcdn.net/v/t51.2885-19/323511107_188438103784313_1182224951705635451_n.jpg?stp=dst-jpg_s150x150&cb=d185f762-f577f03c&efg=e30&_nc_ht=instagram.fpnq7-4.fna.fbcdn.net&_nc_cat=105&_nc_ohc=sGIiwut47dwAX8uPNPh&edm=AI-cjbYBAAAA&ccb=7-5&oh=00_AfCtZlw0cKFzHat5tQlL1TUpEPMlGzX8qQPcQHsOQRKp6w&oe=6546DA2E&_nc_sid=0985b0,Wow this is beyond my expectation I am so excited today because of🥳🥳 @jessica__darrell,1698002510
17867770392000963,loubie_matine,42056354538,https://instagram.fpnq7-2.fna.fbcdn.net/v/t51.2885-19/384103753_696024225756638_9129628545250180391_n.jpg?stp=dst-jpg_s150x150&cb=d185f762-f577f03c&efg=e30&_nc_ht=instagram.fpnq7-2.fna.fbcdn.net&_nc_cat=102&_nc_ohc=lV9KKQyfMJEAX_McItx&edm=AI-cjbYBAAAA&ccb=7-5&oh=00_AfA8nH47fFqH2NlhgFsvRreexkbA-R5IZj-XhiFtCjsAmA&oe=65464B56&_nc_sid=0985b0,🔥🔥,1698007374
17934815975753893,nimrall_khan89,59528116653,https://instagram.fpnq7-2.fna.fbcdn.net/v/t51.2885-19/380043868_1512219516182792_3220261760345020627_n.jpg?stp=dst-jpg_s150x150&cb=d185f762-f577f03c&efg=e30&_nc_ht=instagram.fpnq7-2.fna.fbcdn.net&_nc_cat=108&_nc_ohc=ORbNZMBPQJEAX97Fk6g&edm=AI-cjbYBAAAA&ccb=7-5&oh=00_AfDHW-mxXNPP-zzrpa99k0jOajlayd9iqbkgc6s30ii66g&oe=654784B1&_nc_sid=0985b0,Still waiting….when u comin punjab 🥹,1698015797
18066522418432728,pranjay_gulia_,3996212255,https://instagram.fpnq7-5.fna.fbcdn.net/v/t51.2885-19/382394106_1363276451203845_2784349436294037110_n.jpg?stp=dst-jpg_s150x150&cb=d185f762-f577f03c&efg=e30&_nc_ht=instagram.fpnq7-5.fna.fbcdn.net&_nc_cat=109&_nc_ohc=bPTOQC0D81QAX-yfQ0k&edm=AI-cjbYBAAAA&ccb=7-5&oh=00_AfA1AEbhSful34r95uIglZAMTcUNAwHl47Lvo-xZcouc6Q&oe=65465DF4&_nc_sid=0985b0,@iamnav.52 hahaha kutta paal billi paal gae paal bhais paal lekin v-haim na paal .,1698068128
18031489642626687,kajalkaurdhillon,51192843739,https://instagram.fjdh1-2.fna.fbcdn.net/v/t51.2885-19/44884218_345707102882519_2446069589734326272_n.jpg?_nc_ht=instagram.fjdh1-2.fna.fbcdn.net&_nc_cat=1&_nc_ohc=s1E5_17ApE4AX_06glS&edm=AA0lj5EBAAAA&ccb=7-5&ig_cache_key=YW5vbnltb3VzX3Byb2ZpbGVfcGlj.2-ccb7-5&oh=00_AfB5-sg35vAo3TcvgohIC4VxwmpXfVdcLW1Yo24XnefS3A&oe=6547A34F&_nc_sid=0a490e,Please use your platform and be vocal about the children being brutally killed in Gaza. Support freedom of the Palestines be on the right side of history🇵🇸🇵🇸🇵🇸,1698078129
18042196810529127,re.wa8676,62114784029,https://instagram.fpnq7-2.fna.fbcdn.net/v/t51.2885-19/385841253_751832903331296_1811207757043199428_n.jpg?stp=dst-jpg_s150x150&cb=d185f762-f577f03c&efg=e30&_nc_ht=instagram.fpnq7-2.fna.fbcdn.net&_nc_cat=108&_nc_ohc=3b_QJ2WXCoUAX9DLjey&edm=AI-cjbYBAAAA&ccb=7-5&oh=00_AfBPGu0D7i_YRpfOsV6RrKVX_5QCNVNSsMoGdp2GoLDhqg&oe=6546325C&_nc_sid=0985b0,🔥,1698079896
17939163755736432,udaisingh1665,1507780880,https://instagram.fpnq7-2.fna.fbcdn.net/v/t51.2885-19/106132724_268684200859364_3655396120371280619_n.jpg?stp=dst-jpg_s150x150&cb=d185f762-f577f03c&efg=e30&_nc_ht=instagram.fpnq7-2.fna.fbcdn.net&_nc_cat=108&_nc_ohc=vtYncYWvo0UAX9jwjYR&edm=AI-cjbYBAAAA&ccb=7-5&oh=00_AfAriw9JzDMaOTqT1d9LTVAhLa67_-BsMVKI6C6cPSNHtA&oe=65461502&_nc_sid=0985b0,@_.utxsav07._ tumhara kahna sahi tha ab Jin logo ne tujhe galat reply Kiya tha unko bol de kalaastar on top 8.4m like hai sirf unke wo bhi 7 din me🙌❤️,1698080537
17846699139071602,khalistaniyo_ka_baap_lawrence,60737333916,https://instagram.fpnq7-3.fna.fbcdn.net/v/t51.2885-19/381163320_2040588159617067_7628401684126421245_n.jpg?stp=dst-jpg_s150x150&cb=d185f762-f577f03c&efg=e30&_nc_ht=instagram.fpnq7-3.fna.fbcdn.net&_nc_cat=103&_nc_ohc=5N4EFl4Z_ngAX-a5Mkh&edm=AI-cjbYBAAAA&ccb=7-5&oh=00_AfAdDFHOls6R3kpfiQz67Vkm47iwbBei2U3-W8LqeLhWmA&oe=6546D131&_nc_sid=0985b0,Aur kya haal h tere😂?,1698082720
18159340483292755,dxbaltaf,54031059418,https://instagram.fpnq7-2.fna.fbcdn.net/v/t51.2885-19/397299044_340035875275430_2594244402827950243_n.jpg?stp=dst-jpg_s150x150&cb=d185f762-f577f03c&efg=e30&_nc_ht=instagram.fpnq7-2.fna.fbcdn.net&_nc_cat=102&_nc_ohc=WGJ_fQKbDe4AX8QUI0J&edm=AI-cjbYBAAAA&ccb=7-5&oh=00_AfA7-MwlV89HAy4YTuM5yMAeWjtTeqQAifEF6oUN7dHzog&oe=6545FFA3&_nc_sid=0985b0,@simpliatul tere jeso ko to ye apne jhant ke niche rakhta h chutiye😂😂,1698084692
18026104495735461,harpreets4ndhux,62503518538,https://instagram.fpnq7-4.fna.fbcdn.net/v/t51.2885-19/397349033_262115296831270_7511758380603618852_n.jpg?stp=dst-jpg_s150x150&cb=d185f762-f577f03c&efg=e30&_nc_ht=instagram.fpnq7-4.fna.fbcdn.net&_nc_cat=110&_nc_ohc=5PUG2sZFhRgAX-gjpbQ&edm=AI-cjbYBAAAA&ccb=7-5&oh=00_AfDUoueqcgE_JYwSQyCuoNYAxll6u3hLd3rhNO3mjc33Tw&oe=6546A035&_nc_sid=0985b0,❤️❤️❤️❤️❤️,1698085460
18055216321487181,harpreets4ndhux,62503518538,https://instagram.fpnq7-4.fna.fbcdn.net/v/t51.2885-19/397349033_262115296831270_7511758380603618852_n.jpg?stp=dst-jpg_s150x150&cb=d185f762-f577f03c&efg=e30&_nc_ht=instagram.fpnq7-4.fna.fbcdn.net&_nc_cat=110&_nc_ohc=5PUG2sZFhRgAX-gjpbQ&edm=AI-cjbYBAAAA&ccb=7-5&oh=00_AfDUoueqcgE_JYwSQyCuoNYAxll6u3hLd3rhNO3mjc33Tw&oe=6546A035&_nc_sid=0985b0,❤️❤️❤️❤️❤️,1698085461
17896124552828811,harpreets4ndhux,62503518538,https://instagram.fpnq7-4.fna.fbcdn.net/v/t51.2885-19/397349033_262115296831270_7511758380603618852_n.jpg?stp=dst-jpg_s150x150&cb=d185f762-f577f03c&efg=e30&_nc_ht=instagram.fpnq7-4.fna.fbcdn.net&_nc_cat=110&_nc_ohc=5PUG2sZFhRgAX-gjpbQ&edm=AI-cjbYBAAAA&ccb=7-5&oh=00_AfDUoueqcgE_JYwSQyCuoNYAxll6u3hLd3rhNO3mjc33Tw&oe=6546A035&_nc_sid=0985b0,❤️❤️❤️,1698085464
18012878104812496,jp_.1x,5669423593,https://instagram.fpnq7-3.fna.fbcdn.net/v/t51.2885-19/392746633_222696427303443_7460061468070771151_n.jpg?stp=dst-jpg_s150x150&cb=d185f762-f577f03c&efg=e30&_nc_ht=instagram.fpnq7-3.fna.fbcdn.net&_nc_cat=103&_nc_ohc=heDZNvYbtfUAX_NTyN9&edm=AI-cjbYBAAAA&ccb=7-5&oh=00_AfCCQTugscVR1D1jEj9VeyasrIGZe9hgd60SjvRXc-ohEg&oe=6547635B&_nc_sid=0985b0,@gurindergill96 ah. sala ap dhillon ikla hi main bnya.  ustad. teri gal batt att a.,1698104765
17908686857838685,rushhhnnn,3513785738,https://instagram.fpnq7-6.fna.fbcdn.net/v/t51.2885-19/17437496_414402062285392_2963347926081863680_a.jpg?stp=dst-jpg_s150x150&cb=d185f762-f577f03c&efg=e30&_nc_ht=instagram.fpnq7-6.fna.fbcdn.net&_nc_cat=104&_nc_ohc=SDJo14MHTsQAX-_gWny&edm=AI-cjbYBAAAA&ccb=7-5&oh=00_AfBErfyDMxkY2I7Xa03zGmGF2fTNVWKZ6lGRIaCO5CN2SA&oe=6546C951&_nc_sid=0985b0,❤️🔥🔥🔥🔥🔥🔥🔥🔥🔥,1698112896
18142017577305991,_imduaa.02,50458994583,https://instagram.fpnq7-2.fna.fbcdn.net/v/t51.2885-19/397881084_816397390256924_6219828095039066818_n.jpg?stp=dst-jpg_s150x150&cb=d185f762-f577f03c&efg=e30&_nc_ht=instagram.fpnq7-2.fna.fbcdn.net&_nc_cat=108&_nc_ohc=5UYFZJwiDR4AX8rtQIy&edm=AI-cjbYBAAAA&ccb=7-5&oh=00_AfCO9SjQtyWlL4UxrMdwb_MLUsjgLK0DbFRndDYPJVfJdw&oe=6547186A&_nc_sid=0985b0,@ap.dhillxn ap k face ki smile sy khud he face pr smile a jati h...you are pure soul....haters k begair tu koi b artist ne hotaaa....its a prove you are a star ฅ'ω'ฅ,1698113516
17868925397960237,athreya_.14_,56614531634,https://instagram.fpnq7-5.fna.fbcdn.net/v/t51.2885-19/374928398_833780131682611_2472417120853093539_n.jpg?stp=dst-jpg_s150x150&cb=d185f762-f577f03c&efg=e30&_nc_ht=instagram.fpnq7-5.fna.fbcdn.net&_nc_cat=107&_nc_ohc=ZPgGIbGUDxAAX_TdONw&edm=AI-cjbYBAAAA&ccb=7-5&oh=00_AfBRtRGhOTCAEA3CJUPwOuVrGYKReh9QM6DNNxNEe3A5XQ&oe=654676D8&_nc_sid=0985b0,Matharchod 🔥 dhillon,1698122955
18292910449123620,_.yahyaansari._,13319836625,https://instagram.fpnq7-2.fna.fbcdn.net/v/t51.2885-19/393564993_1300632517302320_3123325527224458550_n.jpg?stp=dst-jpg_s150x150&cb=d185f762-f577f03c&efg=e30&_nc_ht=instagram.fpnq7-2.fna.fbcdn.net&_nc_cat=108&_nc_ohc=gszbqNl9sP0AX-U6fnS&edm=AI-cjbYBAAAA&ccb=7-5&oh=00_AfCcZY7s41eZTPErBKA-_u2oJnEorFX8aKIC2tRgfBqqkA&oe=6547E1FA&_nc_sid=0985b0,Ap dildo,1698129142
18007554437063111,sneha232455,53588741891,https://instagram.fjdh1-2.fna.fbcdn.net/v/t51.2885-19/44884218_345707102882519_2446069589734326272_n.jpg?_nc_ht=instagram.fjdh1-2.fna.fbcdn.net&_nc_cat=1&_nc_ohc=s1E5_17ApE4AX_06glS&edm=AA0lj5EBAAAA&ccb=7-5&ig_cache_key=YW5vbnltb3VzX3Byb2ZpbGVfcGlj.2-ccb7-5&oh=00_AfB5-sg35vAo3TcvgohIC4VxwmpXfVdcLW1Yo24XnefS3A&oe=6547A34F&_nc_sid=0a490e,Khailani,1698132384
17975300975613521,syedashafaqshah,1591912208,https://instagram.fpnq7-4.fna.fbcdn.net/v/t51.2885-19/394634633_883983766772573_6630404179777889082_n.jpg?stp=dst-jpg_s150x150&cb=d185f762-f577f03c&efg=e30&_nc_ht=instagram.fpnq7-4.fna.fbcdn.net&_nc_cat=105&_nc_ohc=73XRnM385owAX_TDAx1&edm=AI-cjbYBAAAA&ccb=7-5&oh=00_AfCm7_WVHQ12U3ZTcXUlnnAcwqke2gwdAsj9vbojRqCkww&oe=6546650F&_nc_sid=0985b0,Love 🔥,1698135696
17889618026928508,_haider_jutt._,42993885473,https://instagram.fpnq7-4.fna.fbcdn.net/v/t51.2885-19/354892510_804277214387909_6935017853905791976_n.jpg?stp=dst-jpg_s150x150&cb=d185f762-f577f03c&efg=e30&_nc_ht=instagram.fpnq7-4.fna.fbcdn.net&_nc_cat=105&_nc_ohc=sY1ewSCRjqsAX-rStE-&edm=AI-cjbYBAAAA&ccb=7-5&oh=00_AfAaZJ0Q3ltEBn69GD-QFVEyzLZ-M2oiIodlksyUOfzcTA&oe=65478781&_nc_sid=0985b0,🔥,1698145661
18004934783091449,qu.representative23,10507780643,https://instagram.fpnq7-6.fna.fbcdn.net/v/t51.2885-19/384573633_3570686733143495_7940833113304077501_n.jpg?stp=dst-jpg_s150x150&cb=d185f762-f577f03c&efg=e30&_nc_ht=instagram.fpnq7-6.fna.fbcdn.net&_nc_cat=111&_nc_ohc=DYVpE1X3O6kAX_5X3d3&edm=AI-cjbYBAAAA&ccb=7-5&oh=00_AfAAmLOl2BKHOFkQ2cH8Z6bMH3UlJULM_t1FBMo8IIQ1rQ&oe=6546FA02&_nc_sid=0985b0,Tune in Canadian 🐒,1698151252
17878744340968070,qu.representative23,10507780643,https://instagram.fpnq7-6.fna.fbcdn.net/v/t51.2885-19/384573633_3570686733143495_7940833113304077501_n.jpg?stp=dst-jpg_s150x150&cb=d185f762-f577f03c&efg=e30&_nc_ht=instagram.fpnq7-6.fna.fbcdn.net&_nc_cat=111&_nc_ohc=DYVpE1X3O6kAX_5X3d3&edm=AI-cjbYBAAAA&ccb=7-5&oh=00_AfAAmLOl2BKHOFkQ2cH8Z6bMH3UlJULM_t1FBMo8IIQ1rQ&oe=6546FA02&_nc_sid=0985b0,@qu.representative23 @billboard,1698151273
17949657980702176,kabirtokas069,26485475550,https://instagram.fjdh1-2.fna.fbcdn.net/v/t51.2885-19/44884218_345707102882519_2446069589734326272_n.jpg?_nc_ht=instagram.fjdh1-2.fna.fbcdn.net&_nc_cat=1&_nc_ohc=s1E5_17ApE4AX_06glS&edm=AA0lj5EBAAAA&ccb=7-5&ig_cache_key=YW5vbnltb3VzX3Byb2ZpbGVfcGlj.2-ccb7-5&oh=00_AfB5-sg35vAo3TcvgohIC4VxwmpXfVdcLW1Yo24XnefS3A&oe=6547A34F&_nc_sid=0a490e,Punjab ko proud banao LEKIN India ko badnaam mat karo jis din is bharat ki zameen se alag huee toh pakistan afgan bhutan jese hi reh jaoge ye sant mahapursho ki zameen hai. Jai shree ram Waheguru Ji da khalsa waheguruji di fateh,1698165324
17879734865913751,prabhsingh9512,61343008083,https://instagram.fjdh1-2.fna.fbcdn.net/v/t51.2885-19/44884218_345707102882519_2446069589734326272_n.jpg?_nc_ht=instagram.fjdh1-2.fna.fbcdn.net&_nc_cat=1&_nc_ohc=s1E5_17ApE4AX_06glS&edm=AA0lj5EBAAAA&ccb=7-5&ig_cache_key=YW5vbnltb3VzX3Byb2ZpbGVfcGlj.2-ccb7-5&oh=00_AfB5-sg35vAo3TcvgohIC4VxwmpXfVdcLW1Yo24XnefS3A&oe=6547A34F&_nc_sid=0a490e,@ankit_gupta921 appki soch giri hue mili,1698211621
18028308616641656,prabhsingh9512,61343008083,https://instagram.fjdh1-2.fna.fbcdn.net/v/t51.2885-19/44884218_345707102882519_2446069589734326272_n.jpg?_nc_ht=instagram.fjdh1-2.fna.fbcdn.net&_nc_cat=1&_nc_ohc=s1E5_17ApE4AX_06glS&edm=AA0lj5EBAAAA&ccb=7-5&ig_cache_key=YW5vbnltb3VzX3Byb2ZpbGVfcGlj.2-ccb7-5&oh=00_AfB5-sg35vAo3TcvgohIC4VxwmpXfVdcLW1Yo24XnefS3A&oe=6547A34F&_nc_sid=0a490e,Moral science hai subject aur mandir jaake jahi kuch sekhta bache,1698211668
18007043447085215,manpreet222281,61220907173,https://instagram.fjdh1-2.fna.fbcdn.net/v/t51.2885-19/44884218_345707102882519_2446069589734326272_n.jpg?_nc_ht=instagram.fjdh1-2.fna.fbcdn.net&_nc_cat=1&_nc_ohc=s1E5_17ApE4AX_06glS&edm=AA0lj5EBAAAA&ccb=7-5&ig_cache_key=YW5vbnltb3VzX3Byb2ZpbGVfcGlj.2-ccb7-5&oh=00_AfB5-sg35vAo3TcvgohIC4VxwmpXfVdcLW1Yo24XnefS3A&oe=6547A34F&_nc_sid=0a490e,@samparker1996 Tera bap se bi n hova carrier khatam,1698222984
17850403860053416,manpreet222281,61220907173,https://instagram.fjdh1-2.fna.fbcdn.net/v/t51.2885-19/44884218_345707102882519_2446069589734326272_n.jpg?_nc_ht=instagram.fjdh1-2.fna.fbcdn.net&_nc_cat=1&_nc_ohc=s1E5_17ApE4AX_06glS&edm=AA0lj5EBAAAA&ccb=7-5&ig_cache_key=YW5vbnltb3VzX3Byb2ZpbGVfcGlj.2-ccb7-5&oh=00_AfB5-sg35vAo3TcvgohIC4VxwmpXfVdcLW1Yo24XnefS3A&oe=6547A34F&_nc_sid=0a490e,@rwt___yogesh_ kya bat bro 😂,1698223028
17998765007273305,kirat.3115,60681678598,https://instagram.fpnq7-6.fna.fbcdn.net/v/t51.2885-19/387664221_707209804586843_4788189485358748052_n.jpg?stp=dst-jpg_s150x150&cb=d185f762-f577f03c&efg=e30&_nc_ht=instagram.fpnq7-6.fna.fbcdn.net&_nc_cat=111&_nc_ohc=rlebZgmAK9UAX8JT26z&edm=AI-cjbYBAAAA&ccb=7-5&oh=00_AfBYUaMyfxne_pKWSPk4D-FME4X7wa31B1N-Tq67o8uURw&oe=654780A4&_nc_sid=0985b0,King only aujlla,1698232651
18161736745290468,ig_depresseds0ul,37522543174,https://instagram.fpnq7-7.fna.fbcdn.net/v/t51.2885-19/397232668_288541903646274_7162855672628235474_n.jpg?stp=dst-jpg_s150x150&cb=d185f762-f577f03c&efg=e30&_nc_ht=instagram.fpnq7-7.fna.fbcdn.net&_nc_cat=106&_nc_ohc=_AaDmBFMcdwAX-YEc_R&edm=AI-cjbYBAAAA&ccb=7-5&oh=00_AfDDVsu-XbU9zwGCPi6Vpta3j28nHBvvwekYsECjDr0syw&oe=6547ED07&_nc_sid=0985b0,Ap ❎ ap dalle ✅,1698251626